,PM1,PM2.5,PM10,temp,pressure,humidity
mean,35.87572474,58.83591839,74.47609844,8.345616009,979.2791554,74.47853377
std,17.66602752,33.61063633,41.44710247,31.44864491,212.2506979,11.13787351
min,0,0,0,-11.13,-242.96719,0
25%,26,40,50,0.62,1007.407808,69.7629375
50%,33,52,69,4,1016.788055,76.42529
75%,41,66,87,6.41,1024.485843,80.371335
max,224,581,854,187.14,1307.64893,100
