,PM1,PM2.5,PM10,temp,pressure,humidity
mean,22.593492636008417,35.090584610760445,44.280966336038475,3.8071259141869547,1018.1256759494288,66.42669511436729
std,16.053350356535415,27.886060608781357,35.25175505418258,7.789030430353451,47.01521875744878,13.234071508509997
min,0.0,0.0,0.0,-142.59,-242.10095,0.0
25%,10.0,14.0,16.75,0.94,1012.83212,59.46191
50%,21.0,31.0,37.0,2.96,1019.7516149999999,69.45215
75%,31.0,49.0,64.0,6.04,1028.04309,76.19336
max,224.0,490.0,608.0,187.14,1303.55017,100.0
