,PM1,PM2.5,PM10,temp,pressure,humidity
mean,25.322752114995883,39.652646552369546,50.399490903646026,1.8978355918245113,1022.9770228829827,70.75739666781463
std,15.413274463272943,27.08645420976895,34.51190342387954,3.534199698758283,9.82707610983248,10.490680230473906
min,0.0,0.0,0.0,-6.33,994.31958,24.32422
25%,14.0,20.0,24.0,-0.54,1015.82556,64.58691
50%,24.0,36.0,45.0,1.62,1024.03162,73.16797
75%,34.0,53.0,70.0,3.43,1030.29004,78.6582
max,141.0,332.0,450.0,14.19,1038.80286,93.93066
