,PM1,PM2.5,PM10,temp,pressure,humidity
mean,26.47290731287287,41.57716672895958,52.00677021483959,5.24750659592084,1022.1425785631153,57.0486573865362
std,17.696017713317797,31.70359675177822,39.56775238872697,8.110835482091854,38.02829671125854,19.392107822451354
min,0.0,0.0,0.0,-142.59,-242.10095,0.0
25%,14.0,19.0,23.0,1.08,1015.510495,42.67188
50%,24.0,36.0,45.0,3.66,1024.30261,61.5957
75%,35.0,55.0,72.0,7.84,1031.25049,73.004395
max,286.0,702.0,948.0,187.14,1303.55017,100.0
